Time    ,EPEL_TT ,EPPL_TT ,EPTO_TT ,EPEL_ZZ ,EPPL_ZZ ,EPTO_ZZ ,EPEL_TZ ,EPPL_TZ ,EPTO_TZ ,EPEL_RR ,EPPL_RR ,EPTO_RR ,S_TT    ,S_ZZ    ,S_TZ    ,S_EQV   ,EPPL_EQV,NL_EPEQ 
 0.1000000E+01, 0.0000000E+00, 0.0000000E+00, 0.0000000E+00, 0.0000000E+00, 0.0000000E+00, 0.0000000E+00, 0.0000000E+00, 0.0000000E+00, 0.0000000E+00, 0.0000000E+00, 0.0000000E+00, 0.0000000E+00, 0.0000000E+00, 0.0000000E+00, 0.0000000E+00, 0.0000000E+00, 0.0000000E+00, 0.0000000E+00
 0.2000000E+01, 0.0000000E+00, 0.0000000E+00, 0.0000000E+00, 0.5000000E-03, 0.0000000E+00, 0.5000000E-03, 0.0000000E+00, 0.0000000E+00, 0.0000000E+00,-0.2142857E-03, 0.0000000E+00,-0.2142857E-03, 0.3379121E+02, 0.1126374E+03, 0.0000000E+00, 0.1001143E+03, 0.0000000E+00, 0.0000000E+00
 0.3000000E+01, 0.0000000E+00, 0.0000000E+00, 0.0000000E+00, 0.1000000E-02, 0.0000000E+00, 0.1000000E-02, 0.0000000E+00, 0.0000000E+00, 0.0000000E+00,-0.4285714E-03, 0.0000000E+00,-0.4285714E-03, 0.6758242E+02, 0.2252747E+03, 0.0000000E+00, 0.2002285E+03, 0.0000000E+00, 0.0000000E+00
 0.4000000E+01, 0.3548669E-04,-0.3548669E-04, 0.0000000E+00, 0.1237703E-02, 0.1622967E-03, 0.1400000E-02, 0.0000000E+00, 0.0000000E+00, 0.0000000E+00,-0.5456530E-03,-0.1268100E-03,-0.6724630E-03, 0.9164126E+02, 0.2812216E+03, 0.0000000E+00, 0.2484195E+03, 0.1706464E-03, 0.1706523E-03
 0.5000000E+01, 0.7054712E-04,-0.7054712E-04, 0.0000000E+00, 0.1355598E-02, 0.3444020E-03, 0.1700000E-02, 0.0000000E+00, 0.0000000E+00, 0.0000000E+00,-0.6112051E-03,-0.2738549E-03,-0.8850599E-03, 0.1075071E+03, 0.3101497E+03, 0.0000000E+00, 0.2727771E+03, 0.3638554E-03, 0.3638999E-03
 0.6000000E+01, 0.1042485E-03,-0.1042485E-03, 0.0000000E+00, 0.1456429E-02, 0.5435708E-03, 0.2000000E-02, 0.0000000E+00, 0.0000000E+00, 0.0000000E+00,-0.6688620E-03,-0.4393223E-03,-0.1108184E-02, 0.1219136E+03, 0.3351421E+03, 0.0000000E+00, 0.2938108E+03, 0.5769697E-03, 0.5771075E-03
 0.7000000E+01, 0.1463817E-03,-0.1463817E-03, 0.0000000E+00, 0.1567516E-02, 0.8324835E-03, 0.2400000E-02, 0.0000000E+00, 0.0000000E+00, 0.0000000E+00,-0.7345286E-03,-0.6861017E-03,-0.1420630E-02, 0.1389128E+03, 0.3630151E+03, 0.0000000E+00, 0.3172527E+03, 0.8888915E-03, 0.8892531E-03
 0.8000000E+01, 0.2024351E-03,-0.2024351E-03, 0.0000000E+00, 0.1696291E-02, 0.1303709E-02, 0.3000000E-02, 0.0000000E+00, 0.0000000E+00, 0.0000000E+00,-0.8137454E-03,-0.1101274E-02,-0.1915020E-02, 0.1602437E+03, 0.3958156E+03, 0.0000000E+00, 0.3448494E+03, 0.1403197E-02, 0.1404092E-02
 0.9000000E+01, 0.2498407E-03,-0.2498407E-03, 0.0000000E+00, 0.1795905E-02, 0.1804095E-02, 0.3600000E-02, 0.0000000E+00, 0.0000000E+00, 0.0000000E+00,-0.8767483E-03,-0.1554254E-02,-0.2431002E-02, 0.1776544E+03, 0.4214569E+03, 0.0000000E+00, 0.3664878E+03, 0.1954974E-02, 0.1956564E-02
 0.1000000E+02, 0.3012207E-03,-0.3012207E-03, 0.0000000E+00, 0.1902679E-02, 0.2497321E-02, 0.4400000E-02, 0.0000000E+00, 0.0000000E+00, 0.0000000E+00,-0.9445285E-03,-0.2196100E-02,-0.3140628E-02, 0.1964451E+03, 0.4489827E+03, 0.0000000E+00, 0.3898406E+03, 0.2726438E-02, 0.2729090E-02
 0.1100000E+02, 0.3329221E-03,-0.3329221E-03, 0.0000000E+00, 0.1969835E-02, 0.3030165E-02, 0.5000000E-02, 0.0000000E+00, 0.0000000E+00, 0.0000000E+00,-0.9868960E-03,-0.2697242E-02,-0.3684138E-02, 0.2081252E+03, 0.4662538E+03, 0.0000000E+00, 0.4045609E+03, 0.3323437E-02, 0.3326905E-02
 0.1200000E+02, 0.3721002E-03,-0.3721002E-03, 0.0000000E+00, 0.2055072E-02, 0.3844928E-02, 0.5900000E-02, 0.0000000E+00, 0.0000000E+00, 0.0000000E+00,-0.1040216E-02,-0.3472828E-02,-0.4513045E-02, 0.2227115E+03, 0.4881030E+03, 0.0000000E+00, 0.4232479E+03, 0.4241263E-02, 0.4245934E-02
 0.1300000E+02, 0.4007244E-03,-0.4007244E-03, 0.0000000E+00, 0.2117899E-02, 0.4582101E-02, 0.6700000E-02, 0.0000000E+00, 0.0000000E+00, 0.0000000E+00,-0.1079410E-02,-0.4181377E-02,-0.5260787E-02, 0.2334058E+03, 0.5041910E+03, 0.0000000E+00, 0.4370420E+03, 0.5075440E-02, 0.5081113E-02
 0.1400000E+02, 0.4248653E-03,-0.4248653E-03, 0.0000000E+00, 0.2170627E-02, 0.5329374E-02, 0.7500000E-02, 0.0000000E+00, 0.0000000E+00, 0.0000000E+00,-0.1112354E-02,-0.4904508E-02,-0.6016862E-02, 0.2424076E+03, 0.5177007E+03, 0.0000000E+00, 0.4486434E+03, 0.5923790E-02, 0.5930395E-02
 0.1500000E+02, 0.9070490E-03,-0.3570490E-03, 0.5500000E-03, 0.1927348E-02, 0.5522652E-02, 0.7450000E-02, 0.3403737E-03, 0.5962630E-04, 0.4000000E-03,-0.1214743E-02,-0.5165603E-02,-0.6380346E-02, 0.3345906E+03, 0.4954838E+03, 0.2683727E+02, 0.4402631E+03, 0.6181283E-02, 0.6205477E-02
 0.1600000E+02, 0.1079833E-02,-0.2798327E-03, 0.8000000E-03, 0.1777248E-02, 0.5612751E-02, 0.7390000E-02, 0.4760669E-03, 0.1239331E-03, 0.6000000E-03,-0.1224463E-02,-0.5332919E-02,-0.6557382E-02, 0.3633698E+03, 0.4733468E+03, 0.3753605E+02, 0.4339605E+03, 0.6326083E-02, 0.6377209E-02
 0.1700000E+02, 0.1205965E-02,-0.2059651E-03, 0.1000000E-02, 0.1633710E-02, 0.5666290E-02, 0.7300000E-02, 0.5844992E-03, 0.1855009E-03, 0.7700000E-03,-0.1217003E-02,-0.5460325E-02,-0.6677329E-02, 0.3820835E+03, 0.4495355E+03, 0.4608551E+02, 0.4274126E+03, 0.6428148E-02, 0.6510098E-02
 0.1800000E+02, 0.1370718E-02,-0.5071778E-04, 0.1320000E-02, 0.1420695E-02, 0.5729305E-02, 0.7150000E-02, 0.6897597E-03, 0.3102403E-03, 0.1000000E-02,-0.1196320E-02,-0.5678588E-02,-0.6874907E-02, 0.4048022E+03, 0.4126830E+03, 0.5438493E+02, 0.4195119E+03, 0.6588980E-02, 0.6746263E-02
 0.1900000E+02, 0.1487014E-02, 0.1129862E-03, 0.1600000E-02, 0.1239653E-02, 0.5760347E-02, 0.7000000E-02, 0.7641717E-03, 0.4358283E-03, 0.1200000E-02,-0.1168572E-02,-0.5873333E-02,-0.7041904E-02, 0.4187655E+03, 0.3797585E+03, 0.6025203E+02, 0.4140558E+03, 0.6722369E-02, 0.6967857E-02
 0.2000000E+02, 0.1604237E-02, 0.3557634E-03, 0.1960000E-02, 0.1031375E-02, 0.5768625E-02, 0.6800000E-02, 0.8349874E-03, 0.6150126E-03, 0.1450000E-02,-0.1129548E-02,-0.6124388E-02,-0.7253937E-02, 0.4310972E+03, 0.3407609E+03, 0.6583566E+02, 0.4099570E+03, 0.6884807E-02, 0.7271436E-02
 0.2100000E+02, 0.1698965E-02, 0.6010348E-03, 0.2300000E-02, 0.8523536E-03, 0.5747647E-02, 0.6600000E-02, 0.8467718E-03, 0.7832281E-03, 0.1630000E-02,-0.1093423E-02,-0.6348681E-02,-0.7442104E-02, 0.4403383E+03, 0.3068339E+03, 0.6676478E+02, 0.4078073E+03, 0.7024204E-02, 0.7560276E-02
 0.2200000E+02, 0.1777005E-02, 0.8729954E-03, 0.2650000E-02, 0.6983735E-03, 0.5701627E-02, 0.6400000E-02, 0.8463361E-03, 0.9536638E-03, 0.1800000E-02,-0.1060877E-02,-0.6574622E-02,-0.7635499E-02, 0.4475124E+03, 0.2774201E+03, 0.6673044E+02, 0.4079696E+03, 0.7162451E-02, 0.7867642E-02
 0.2300000E+02, 0.1842664E-02, 0.1137336E-02, 0.2980000E-02, 0.5601614E-03, 0.5639839E-02, 0.6200000E-02, 0.8170011E-03, 0.1102999E-02, 0.1920000E-02,-0.1029783E-02,-0.6777174E-02,-0.7806957E-02, 0.4529630E+03, 0.2507218E+03, 0.6441745E+02, 0.4085560E+03, 0.7286504E-02, 0.8157375E-02
 0.2400000E+02, 0.1915839E-02, 0.1504161E-02, 0.3420000E-02, 0.3722405E-03, 0.5527759E-02, 0.5900000E-02, 0.7591006E-03, 0.1280899E-02, 0.2040000E-02,-0.9806065E-03,-0.7031920E-02,-0.8012527E-02, 0.4567480E+03, 0.2133331E+03, 0.5985233E+02, 0.4091909E+03, 0.7442530E-02, 0.8547250E-02
 0.2500000E+02, 0.1971422E-02, 0.1858579E-02, 0.3830000E-02, 0.2054014E-03, 0.5394598E-02, 0.5600000E-02, 0.6783882E-03, 0.1421612E-02, 0.2100000E-02,-0.9329248E-03,-0.7253177E-02,-0.8186102E-02, 0.4579937E+03, 0.1795049E+03, 0.5348840E+02, 0.4103062E+03, 0.7579581E-02, 0.8914507E-02
 0.2600000E+02, 0.2011373E-02, 0.2138627E-02, 0.4150000E-02, 0.1209723E-03, 0.5279028E-02, 0.5400000E-02, 0.6079964E-03, 0.1512004E-02, 0.2120000E-02,-0.9138626E-03,-0.7417655E-02,-0.8331517E-02, 0.4612874E+03, 0.1631854E+03, 0.4793821E+02, 0.4135631E+03, 0.7685767E-02, 0.9200793E-02
 0.2700000E+02, 0.2037538E-02, 0.2392462E-02, 0.4430000E-02, 0.3196021E-04, 0.5168040E-02, 0.5200000E-02, 0.5676297E-03, 0.1582370E-02, 0.2150000E-02,-0.8869278E-03,-0.7560502E-02,-0.8447430E-02, 0.4611659E+03, 0.1449015E+03, 0.4475543E+02, 0.4157595E+03, 0.7782273E-02, 0.9458531E-02
 0.2800000E+02, 0.2060375E-02, 0.2639625E-02, 0.4700000E-02,-0.5292220E-04, 0.5052922E-02, 0.5000000E-02, 0.5093037E-03, 0.1640696E-02, 0.2150000E-02,-0.8603372E-03,-0.7692547E-02,-0.8552884E-02, 0.4605741E+03, 0.1273231E+03, 0.4015665E+02, 0.4177746E+03, 0.7874891E-02, 0.9708186E-02
 0.2900000E+02, 0.2086142E-02, 0.2913859E-02, 0.5000000E-02,-0.1199463E-03, 0.4919946E-02, 0.4800000E-02, 0.4475319E-03, 0.1692468E-02, 0.2140000E-02,-0.8426553E-03,-0.7833805E-02,-0.8676460E-02, 0.4618489E+03, 0.1139655E+03, 0.3528617E+02, 0.4211805E+03, 0.7979021E-02, 0.9984096E-02
 0.3000000E+02, 0.2118483E-02, 0.3231517E-02, 0.5350000E-02,-0.1649619E-03, 0.4764962E-02, 0.4600000E-02, 0.3735495E-03, 0.1736450E-02, 0.2110000E-02,-0.8372237E-03,-0.7996479E-02,-0.8833703E-02, 0.4660926E+03, 0.1060103E+03, 0.2945295E+02, 0.4262303E+03, 0.8107563E-02, 0.1030281E-01
 0.3100000E+02, 0.2138500E-02, 0.3611500E-02, 0.5750000E-02,-0.2717137E-03, 0.4571714E-02, 0.4300000E-02, 0.2829744E-03, 0.1767026E-02, 0.2050000E-02,-0.8000521E-03,-0.8183213E-02,-0.8983265E-02, 0.4633878E+03, 0.8331445E+02, 0.2231143E+02, 0.4295999E+03, 0.8265175E-02, 0.1068327E-01
 0.3200000E+02, 0.2163540E-02, 0.3926461E-02, 0.6090000E-02,-0.3075609E-03, 0.4407561E-02, 0.4100000E-02, 0.1964136E-03, 0.1773586E-02, 0.1970000E-02,-0.7954197E-03,-0.8334021E-02,-0.9129441E-02, 0.4666054E+03, 0.7693139E+02, 0.1548644E+02, 0.4341221E+03, 0.8401286E-02, 0.1099836E-01
 0.3300000E+02, 0.2177266E-02, 0.4322734E-02, 0.6500000E-02,-0.3952603E-03, 0.4195260E-02, 0.3800000E-02, 0.8463750E-04, 0.1755362E-02, 0.1840000E-02,-0.7637175E-03,-0.8517995E-02,-0.9281712E-02, 0.4637713E+03, 0.5810233E+02, 0.6673269E+01, 0.4377751E+03, 0.8578388E-02, 0.1139516E-01
 0.3400000E+02, 0.2200429E-02, 0.4729571E-02, 0.6930000E-02,-0.4250879E-03, 0.3975088E-02, 0.3550000E-02,-0.5286295E-04, 0.1702863E-02, 0.1650000E-02,-0.7608612E-03,-0.8704660E-02,-0.9465521E-02, 0.4669735E+03, 0.5294833E+02,-0.4168168E+01, 0.4429384E+03, 0.8770828E-02, 0.1180363E-01
 0.3500000E+02, 0.2213776E-02, 0.5066224E-02, 0.7280000E-02,-0.4455654E-03, 0.3795565E-02, 0.3350000E-02,-0.1804530E-03, 0.1630453E-02, 0.1450000E-02,-0.7578050E-03,-0.8861789E-02,-0.9619594E-02, 0.4685959E+03, 0.4923755E+02,-0.1422810E+02, 0.4467004E+03, 0.8941791E-02, 0.1214314E-01
 0.3600000E+02, 0.2232650E-02, 0.5537350E-02, 0.7770000E-02,-0.4509026E-03, 0.3550903E-02, 0.3100000E-02,-0.3371804E-03, 0.1487180E-02, 0.1150000E-02,-0.7636079E-03,-0.9088253E-02,-0.9851861E-02, 0.4724884E+03, 0.4931034E+02,-0.2658576E+02, 0.4522153E+03, 0.9200484E-02, 0.1262165E-01
 0.3700000E+02, 0.2232286E-02, 0.5867714E-02, 0.8100000E-02,-0.4801764E-03, 0.3380176E-02, 0.2900000E-02,-0.4595085E-03, 0.1359508E-02, 0.9000000E-03,-0.7509046E-03,-0.9247891E-02,-0.9998795E-02, 0.4704266E+03, 0.4269153E+02,-0.3623059E+02, 0.4549489E+03, 0.9391601E-02, 0.1296022E-01
 0.3800000E+02, 0.2242940E-02, 0.6217060E-02, 0.8460000E-02,-0.4545632E-03, 0.3204563E-02, 0.2750000E-02,-0.5788861E-03, 0.1198886E-02, 0.6200000E-03,-0.7664480E-03,-0.9421622E-02,-0.1018807E-01, 0.4745579E+03, 0.4918158E+02,-0.4564310E+02, 0.4588403E+03, 0.9605787E-02, 0.1332171E-01
 0.3900000E+02, 0.2254052E-02, 0.6595948E-02, 0.8850000E-02,-0.4077760E-03, 0.3027776E-02, 0.2620000E-02,-0.6984777E-03, 0.9984777E-03, 0.3000000E-03,-0.7912620E-03,-0.9623724E-02,-0.1041499E-01, 0.4802232E+03, 0.6047248E+02,-0.5507253E+02, 0.4629578E+03, 0.9858618E-02, 0.1371819E-01
 0.4000000E+02, 0.2269555E-02, 0.6960445E-02, 0.9230000E-02,-0.3263427E-03, 0.2876343E-02, 0.2550000E-02,-0.7863229E-03, 0.7863229E-03, 0.0000000E+00,-0.8328062E-03,-0.9836788E-02,-0.1066959E-01, 0.4892191E+03, 0.7986517E+02,-0.6199876E+02, 0.4670907E+03, 0.1012563E-01, 0.1410443E-01
 0.4100000E+02, 0.2273294E-02, 0.7276706E-02, 0.9550000E-02,-0.1897762E-03, 0.2769776E-02, 0.2580000E-02,-0.8832802E-03, 0.5832802E-03,-0.3000000E-03,-0.8929368E-03,-0.1004648E-01,-0.1093942E-01, 0.4992905E+03, 0.1108829E+03,-0.6964339E+02, 0.4698658E+03, 0.1038345E-01, 0.1444708E-01
 0.4200000E+02, 0.2256193E-02, 0.7543807E-02, 0.9800000E-02,-0.4508067E-04, 0.2705081E-02, 0.2660000E-02,-0.9884014E-03, 0.3884014E-03,-0.6000000E-03,-0.9476199E-03,-0.1024889E-01,-0.1119651E-01, 0.5052168E+03, 0.1423235E+03,-0.7793174E+02, 0.4709733E+03, 0.1062518E-01, 0.1474776E-01
 0.4300000E+02, 0.2238119E-02, 0.7861882E-02, 0.1010000E-01, 0.1365651E-03, 0.2663435E-02, 0.2800000E-02,-0.1036230E-02, 0.1362300E-03,-0.9000000E-03,-0.1017723E-02,-0.1052532E-01,-0.1154304E-01, 0.5134216E+03, 0.1820224E+03,-0.8170294E+02, 0.4725524E+03, 0.1094516E-01, 0.1512310E-01
 0.4400000E+02, 0.2203674E-02, 0.8196326E-02, 0.1040000E-01, 0.3362890E-03, 0.2663711E-02, 0.3000000E-02,-0.1059956E-02,-0.1400436E-03,-0.1200000E-02,-0.1088557E-02,-0.1086004E-01,-0.1194859E-01, 0.5191600E+03, 0.2246874E+03,-0.8357374E+02, 0.4736206E+03, 0.1132035E-01, 0.1554130E-01
 0.4500000E+02, 0.2123837E-02, 0.8506163E-02, 0.1063000E-01, 0.5798240E-03, 0.2720176E-02, 0.3300000E-02,-0.1083767E-02,-0.4162334E-03,-0.1500000E-02,-0.1158714E-02,-0.1122634E-01,-0.1238505E-01, 0.5176334E+03, 0.2741543E+03,-0.8545107E+02, 0.4723337E+03, 0.1171527E-01, 0.1596711E-01
 0.4600000E+02, 0.2073094E-02, 0.8706907E-02, 0.1078000E-01, 0.7111315E-03, 0.2788868E-02, 0.3500000E-02,-0.1091999E-02,-0.6080007E-03,-0.1700000E-02,-0.1193240E-02,-0.1149577E-01,-0.1268901E-01, 0.5150757E+03, 0.3003047E+03,-0.8609999E+02, 0.4722773E+03, 0.1199794E-01, 0.1626827E-01
 0.4700000E+02, 0.2027297E-02, 0.8882702E-02, 0.1091000E-01, 0.8299089E-03, 0.2870091E-02, 0.3700000E-02,-0.1070070E-02,-0.7799301E-03,-0.1850000E-02,-0.1224517E-02,-0.1175279E-01,-0.1297731E-01, 0.5127862E+03, 0.3239673E+03,-0.8437093E+02, 0.4723705E+03, 0.1226301E-01, 0.1654920E-01
 0.4800000E+02, 0.1965583E-02, 0.9114417E-02, 0.1108000E-01, 0.9877647E-03, 0.3012235E-02, 0.4000000E-02,-0.9994319E-03,-0.1000568E-02,-0.2000000E-02,-0.1265722E-02,-0.1212665E-01,-0.1339237E-01, 0.5095521E+03, 0.3553577E+03,-0.7880148E+02, 0.4727348E+03, 0.1264127E-01, 0.1694766E-01
 0.4900000E+02, 0.1898510E-02, 0.9311491E-02, 0.1121000E-01, 0.1129928E-02, 0.3170072E-02, 0.4300000E-02,-0.9209969E-03,-0.1179003E-02,-0.2100000E-02,-0.1297903E-02,-0.1248156E-01,-0.1377946E-01, 0.5040498E+03, 0.3828505E+03,-0.7261713E+02, 0.4727417E+03, 0.1299327E-01, 0.1731801E-01
 0.5000000E+02, 0.1844009E-02, 0.9495991E-02, 0.1134000E-01, 0.1248979E-02, 0.3351021E-02, 0.4600000E-02,-0.8192693E-03,-0.1330731E-02,-0.2150000E-02,-0.1325567E-02,-0.1284701E-01,-0.1417258E-01, 0.4998179E+03, 0.4059864E+03,-0.6459628E+02, 0.4735416E+03, 0.1335001E-01, 0.1769389E-01
 0.5100000E+02, 0.1786598E-02, 0.9733401E-02, 0.1152000E-01, 0.1376796E-02, 0.3623204E-02, 0.5000000E-02,-0.6792977E-03,-0.1490702E-02,-0.2170000E-02,-0.1355744E-02,-0.1335661E-01,-0.1471235E-01, 0.4955236E+03, 0.4309013E+03,-0.5356011E+02, 0.4757140E+03, 0.1384140E-01, 0.1821228E-01
 0.5200000E+02, 0.1747806E-02, 0.9902193E-02, 0.1165000E-01, 0.1459880E-02, 0.3840120E-02, 0.5300000E-02,-0.5551638E-03,-0.1574836E-02,-0.2130000E-02,-0.1374724E-02,-0.1374231E-01,-0.1511704E-01, 0.4923991E+03, 0.4469954E+03,-0.4377255E+02, 0.4773989E+03, 0.1421012E-01, 0.1860208E-01
 0.5300000E+02, 0.1723826E-02, 0.1007617E-01, 0.1180000E-01, 0.1523086E-02, 0.4076914E-02, 0.5600000E-02,-0.4386486E-03,-0.1631351E-02,-0.2070000E-02,-0.1391535E-02,-0.1415309E-01,-0.1554462E-01, 0.4912686E+03, 0.4596136E+03,-0.3458575E+02, 0.4799837E+03, 0.1460117E-01, 0.1901578E-01
 0.5400000E+02, 0.1667410E-02, 0.1022259E-01, 0.1189000E-01, 0.1602251E-02, 0.4297749E-02, 0.5900000E-02,-0.2828251E-03,-0.1647175E-02,-0.1930000E-02,-0.1401284E-02,-0.1452034E-01,-0.1592162E-01, 0.4839095E+03, 0.4736346E+03,-0.2229965E+02, 0.4804099E+03, 0.1494811E-01, 0.1938573E-01
 0.5500000E+02, 0.1630541E-02, 0.1036946E-01, 0.1200000E-01, 0.1658186E-02, 0.4541814E-02, 0.6200000E-02,-0.1344112E-03,-0.1625589E-02,-0.1760000E-02,-0.1409455E-02,-0.1491127E-01,-0.1632073E-01, 0.4793841E+03, 0.4837436E+03,-0.1059776E+02, 0.4819284E+03, 0.1531494E-01, 0.1978092E-01
 0.5600000E+02, 0.1636071E-02, 0.1054393E-01, 0.1218000E-01, 0.1676694E-02, 0.4823306E-02, 0.6500000E-02, 0.3617387E-04,-0.1556174E-02,-0.1520000E-02,-0.1419758E-02,-0.1536724E-01,-0.1678699E-01, 0.4818810E+03, 0.4882872E+03, 0.2852292E+01, 0.4851410E+03, 0.1574381E-01, 0.2024286E-01
 0.5700000E+02, 0.1642712E-02, 0.1073729E-01, 0.1238000E-01, 0.1688178E-02, 0.5111822E-02, 0.6800000E-02, 0.1901909E-03,-0.1440191E-02,-0.1250000E-02,-0.1427526E-02,-0.1584911E-01,-0.1727664E-01, 0.4841533E+03, 0.4913231E+03, 0.1499601E+02, 0.4884688E+03, 0.1619983E-01, 0.2073251E-01
 0.5800000E+02, 0.1688408E-02, 0.1091159E-01, 0.1260000E-01, 0.1660971E-02, 0.5339029E-02, 0.7000000E-02, 0.2901214E-03,-0.1320121E-02,-0.1030000E-02,-0.1435450E-02,-0.1625062E-01,-0.1768607E-01, 0.4926086E+03, 0.4882820E+03, 0.2287505E+02, 0.4920573E+03, 0.1658357E-01, 0.2114115E-01
 0.5900000E+02, 0.1729293E-02, 0.1112071E-01, 0.1285000E-01, 0.1628673E-02, 0.5571327E-02, 0.7200000E-02, 0.4135625E-03,-0.1163562E-02,-0.7499999E-03,-0.1439130E-02,-0.1669203E-01,-0.1813116E-01, 0.4996362E+03, 0.4837693E+03, 0.3260797E+02, 0.4951265E+03, 0.1701001E-01, 0.2159198E-01
 0.6000000E+02, 0.1775810E-02, 0.1132419E-01, 0.1310000E-01, 0.1585129E-02, 0.5764871E-02, 0.7350000E-02, 0.5114608E-03,-0.1001461E-02,-0.4900000E-03,-0.1440404E-02,-0.1708906E-01,-0.1852946E-01, 0.5071724E+03, 0.4771034E+03, 0.4032684E+02, 0.4977515E+03, 0.1739748E-01, 0.2199997E-01
 0.6100000E+02, 0.1823867E-02, 0.1152613E-01, 0.1335000E-01, 0.1523890E-02, 0.5926110E-02, 0.7450000E-02, 0.6304623E-03,-0.8304622E-03,-0.2000000E-03,-0.1434754E-02,-0.1745224E-01,-0.1888700E-01, 0.5138596E+03, 0.4665555E+03, 0.4970963E+02, 0.4993945E+03, 0.1775568E-01, 0.2237713E-01
 0.6200000E+02, 0.1875441E-02, 0.1169456E-01, 0.1357000E-01, 0.1462562E-02, 0.6037438E-02, 0.7500000E-02, 0.6865747E-03,-0.6865747E-03, 0.0000000E+00,-0.1430573E-02,-0.1773200E-01,-0.1916257E-01, 0.5213330E+03, 0.4562251E+03, 0.5413382E+02, 0.5008749E+03, 0.1803465E-01, 0.2267085E-01
 0.6300000E+02, 0.1927000E-02, 0.1188300E-01, 0.1381000E-01, 0.1364739E-02, 0.6135261E-02, 0.7500000E-02, 0.8189512E-03,-0.5189512E-03, 0.3000000E-03,-0.1410746E-02,-0.1801826E-01,-0.1942901E-01, 0.5263370E+03, 0.4376727E+03, 0.6457121E+02, 0.5007325E+03, 0.1832375E-01, 0.2297761E-01
 0.6400000E+02, 0.2011812E-02, 0.1208819E-01, 0.1410000E-01, 0.1241440E-02, 0.6208560E-02, 0.7450000E-02, 0.8437592E-03,-0.3437591E-03, 0.5000000E-03,-0.1394251E-02,-0.1829675E-01,-0.1969100E-01, 0.5371102E+03, 0.4156282E+03, 0.6652722E+02, 0.5012720E+03, 0.1861004E-01, 0.2328363E-01
 0.6500000E+02, 0.2062303E-02, 0.1227770E-01, 0.1434000E-01, 0.1146477E-02, 0.6253523E-02, 0.7400000E-02, 0.8917561E-03,-0.1917561E-03, 0.7000000E-03,-0.1375192E-02,-0.1853122E-01,-0.1990641E-01, 0.5420667E+03, 0.3976479E+03, 0.7031157E+02, 0.5012380E+03, 0.1885511E-01, 0.2354757E-01
 0.6600000E+02, 0.2110328E-02, 0.1243967E-01, 0.1455000E-01, 0.1024842E-02, 0.6275158E-02, 0.7300000E-02, 0.9526768E-03,-0.6267674E-04, 0.8900000E-03,-0.1343644E-02,-0.1871483E-01,-0.2005847E-01, 0.5446648E+03, 0.3734921E+03, 0.7511491E+02, 0.4996547E+03, 0.1905028E-01, 0.2376172E-01
 0.6700000E+02, 0.2154163E-02, 0.1259584E-01, 0.1475000E-01, 0.9186750E-03, 0.6281325E-02, 0.7200000E-02, 0.9715832E-03, 0.5841682E-04, 0.1030000E-02,-0.1316931E-02,-0.1887716E-01,-0.2019409E-01, 0.5473649E+03, 0.3525378E+03, 0.7660561E+02, 0.4985275E+03, 0.1922601E-01, 0.2395857E-01
 0.6800000E+02, 0.2193660E-02, 0.1280634E-01, 0.1500000E-01, 0.8242140E-03, 0.6275786E-02, 0.7100000E-02, 0.9858407E-03, 0.2141593E-03, 0.1200000E-02,-0.1293375E-02,-0.1908213E-01,-0.2037550E-01, 0.5498787E+03, 0.3339274E+03, 0.7772978E+02, 0.4983776E+03, 0.1945145E-01, 0.2421482E-01
 0.6900000E+02, 0.2222370E-02, 0.1298763E-01, 0.1521000E-01, 0.7382603E-03, 0.6261739E-02, 0.7000000E-02, 0.1005725E-02, 0.3442751E-03, 0.1350000E-02,-0.1268842E-02,-0.1924937E-01,-0.2051821E-01, 0.5505373E+03, 0.3165045E+03, 0.7929756E+02, 0.4978787E+03, 0.1963815E-01, 0.2443009E-01
 0.7000000E+02, 0.2271462E-02, 0.1332854E-01, 0.1560000E-01, 0.5873793E-03, 0.6212621E-02, 0.6800000E-02, 0.1012818E-02, 0.5771822E-03, 0.1590000E-02,-0.1225219E-02,-0.1954116E-01,-0.2076638E-01, 0.5514003E+03, 0.2858326E+03, 0.7985697E+02, 0.4972582E+03, 0.1997115E-01, 0.2482251E-01
 0.7100000E+02, 0.2300019E-02, 0.1351998E-01, 0.1582000E-01, 0.4685957E-03, 0.6171404E-02, 0.6640000E-02, 0.1000464E-02, 0.6995364E-03, 0.1700000E-02,-0.1186549E-02,-0.1969139E-01,-0.2087793E-01, 0.5498051E+03, 0.2610036E+03, 0.7888272E+02, 0.4955551E+03, 0.2014731E-01, 0.2503610E-01
 0.7200000E+02, 0.2328705E-02, 0.1377129E-01, 0.1610000E-01, 0.3931161E-03, 0.6106884E-02, 0.6500000E-02, 0.9714063E-03, 0.8485937E-03, 0.1820000E-02,-0.1166495E-02,-0.1987818E-01,-0.2104467E-01, 0.5511663E+03, 0.2459386E+03, 0.7659170E+02, 0.4963022E+03, 0.2037064E-01, 0.2531097E-01
 0.7300000E+02, 0.2357978E-02, 0.1405202E-01, 0.1641000E-01, 0.2763085E-03, 0.6023692E-02, 0.6300000E-02, 0.9300409E-03, 0.9999591E-03, 0.1930000E-02,-0.1128980E-02,-0.2007571E-01,-0.2120469E-01, 0.5498668E+03, 0.2216031E+03, 0.7333020E+02, 0.4957229E+03, 0.2061195E-01, 0.2561235E-01
 0.7400000E+02, 0.2382572E-02, 0.1433743E-01, 0.1672000E-01, 0.1734928E-03, 0.5926507E-02, 0.6100000E-02, 0.8819730E-03, 0.1138027E-02, 0.2020000E-02,-0.1095457E-02,-0.2026394E-01,-0.2135939E-01, 0.5484585E+03, 0.2001034E+03, 0.6954022E+02, 0.4955877E+03, 0.2084802E-01, 0.2591334E-01
 0.7500000E+02, 0.2409166E-02, 0.1473083E-01, 0.1714000E-01, 0.2693624E-04, 0.5773064E-02, 0.5800000E-02, 0.7989306E-03, 0.1301069E-02, 0.2100000E-02,-0.1044045E-02,-0.2050390E-01,-0.2154794E-01, 0.5445454E+03, 0.1688850E+03, 0.6299273E+02, 0.4949652E+03, 0.2115943E-01, 0.2632101E-01
 0.7600000E+02, 0.2434186E-02, 0.1515581E-01, 0.1759000E-01,-0.8920619E-04, 0.5589206E-02, 0.5500000E-02, 0.6971887E-03, 0.1442811E-02, 0.2140000E-02,-0.1004992E-02,-0.2074502E-01,-0.2175001E-01, 0.5423329E+03, 0.1444119E+03, 0.5497075E+02, 0.4957074E+03, 0.2148386E-01, 0.2675512E-01
 0.7700000E+02, 0.2461071E-02, 0.1585893E-01, 0.1832000E-01,-0.2561648E-03, 0.5256165E-02, 0.5000000E-02, 0.5418319E-03, 0.1608168E-02, 0.2150000E-02,-0.9449599E-03,-0.2111509E-01,-0.2206005E-01, 0.5371049E+03, 0.1086177E+03, 0.4272136E+02, 0.4974090E+03, 0.2200414E-01, 0.2746520E-01
 0.7800000E+02, 0.2476621E-02, 0.1630338E-01, 0.1878000E-01,-0.3333139E-03, 0.5033314E-02, 0.4700000E-02, 0.4260938E-03, 0.1673906E-02, 0.2100000E-02,-0.9185613E-03,-0.2133669E-01,-0.2225525E-01, 0.5353952E+03, 0.9228839E+02, 0.3359587E+02, 0.4991397E+03, 0.2232771E-01, 0.2791130E-01
 0.7900000E+02, 0.2486668E-02, 0.1674333E-01, 0.1923000E-01,-0.4057314E-03, 0.4805732E-02, 0.4400000E-02, 0.3211077E-03, 0.1708892E-02, 0.2030000E-02,-0.8918308E-03,-0.2154906E-01,-0.2244090E-01, 0.5327642E+03, 0.7665353E+02, 0.2531809E+02, 0.5007975E+03, 0.2264592E-01, 0.2835183E-01
 0.8000000E+02, 0.2489165E-02, 0.1716083E-01, 0.1965000E-01,-0.4814328E-03, 0.4581433E-02, 0.4100000E-02, 0.1892759E-03, 0.1710724E-02, 0.1900000E-02,-0.8604575E-03,-0.2174227E-01,-0.2260273E-01, 0.5282105E+03, 0.5976877E+02, 0.1492362E+02, 0.5016735E+03, 0.2294447E-01, 0.2876977E-01
 0.8100000E+02, 0.2492935E-02, 0.1760706E-01, 0.2010000E-01,-0.5354080E-03, 0.4335408E-02, 0.3800000E-02, 0.4524567E-04, 0.1674754E-02, 0.1720000E-02,-0.8389411E-03,-0.2194247E-01,-0.2278141E-01, 0.5254122E+03, 0.4786418E+02, 0.3567324E+01, 0.5032283E+03, 0.2326197E-01, 0.2921731E-01
 0.8200000E+02, 0.2492606E-02, 0.1790739E-01, 0.2040000E-01,-0.5677880E-03, 0.4167788E-02, 0.3600000E-02,-0.5907750E-04, 0.1629077E-02, 0.1570000E-02,-0.8249221E-03,-0.2207518E-01,-0.2290010E-01, 0.5231488E+03, 0.4054793E+02,-0.4658068E+01, 0.5041640E+03, 0.2347603E-01, 0.2951949E-01
 0.8300000E+02, 0.2497738E-02, 0.1825226E-01, 0.2075000E-01,-0.5766274E-03, 0.3976627E-02, 0.3400000E-02,-0.1744846E-03, 0.1554485E-02, 0.1380000E-02,-0.8233335E-03,-0.2222889E-01,-0.2305222E-01, 0.5237078E+03, 0.3890341E+02,-0.1375751E+02, 0.5059418E+03, 0.2372468E-01, 0.2986773E-01
 0.8400000E+02, 0.2496795E-02, 0.1860321E-01, 0.2110000E-01,-0.5849762E-03, 0.3784976E-02, 0.3200000E-02,-0.3120383E-03, 0.1452038E-02, 0.1140000E-02,-0.8193513E-03,-0.2238818E-01,-0.2320753E-01, 0.5229312E+03, 0.3695891E+02,-0.2460312E+02, 0.5072592E+03, 0.2398180E-01, 0.3022414E-01
 0.8500000E+02, 0.2503337E-02, 0.1909666E-01, 0.2160000E-01,-0.5731257E-03, 0.3523126E-02, 0.2950000E-02,-0.4517770E-03, 0.1271777E-02, 0.8200000E-03,-0.8272351E-03,-0.2261979E-01,-0.2344702E-01, 0.5252070E+03, 0.4007025E+02,-0.3562128E+02, 0.5101073E+03, 0.2435239E-01, 0.3072880E-01
 0.8600000E+02, 0.2498752E-02, 0.1940125E-01, 0.2190000E-01,-0.5657921E-03, 0.3365792E-02, 0.2800000E-02,-0.5692890E-03, 0.1139289E-02, 0.5700000E-03,-0.8284118E-03,-0.2276704E-01,-0.2359545E-01, 0.5246684E+03, 0.4141297E+02,-0.4488632E+02, 0.5111832E+03, 0.2458623E-01, 0.3104291E-01
 0.8700000E+02, 0.2509726E-02, 0.1983027E-01, 0.2234000E-01,-0.5069015E-03, 0.3156902E-02, 0.2650000E-02,-0.6777613E-03, 0.9277613E-03, 0.2500000E-03,-0.8583546E-03,-0.2298718E-01,-0.2384553E-01, 0.5311213E+03, 0.5542102E+02,-0.5343917E+02, 0.5140946E+03, 0.2492718E-01, 0.3148909E-01
 0.8800000E+02, 0.2521493E-02, 0.2017851E-01, 0.2270000E-01,-0.4421997E-03, 0.3002200E-02, 0.2560000E-02,-0.7444324E-03, 0.7444324E-03, 0.0000000E+00,-0.8911262E-03,-0.2318071E-01,-0.2407183E-01, 0.5381442E+03, 0.7079211E+02,-0.5869576E+02, 0.5165751E+03, 0.2521650E-01, 0.3185377E-01
 0.8900000E+02, 0.2519669E-02, 0.2048033E-01, 0.2300000E-01,-0.3618152E-03, 0.2881815E-02, 0.2520000E-02,-0.8497785E-03, 0.5697786E-03,-0.2800000E-03,-0.9247951E-03,-0.2336214E-01,-0.2428694E-01, 0.5431658E+03, 0.8877753E+02,-0.6700185E+02, 0.5178392E+03, 0.2547811E-01, 0.3217399E-01
 0.9000000E+02, 0.2509949E-02, 0.2079005E-01, 0.2330000E-01,-0.1843601E-03, 0.2784360E-02, 0.2600000E-02,-0.9644490E-03, 0.3644490E-03,-0.6000000E-03,-0.9966816E-03,-0.2357441E-01,-0.2457109E-01, 0.5529690E+03, 0.1280968E+03,-0.7604321E+02, 0.5183605E+03, 0.2576559E-01, 0.3251239E-01
 0.9100000E+02, 0.2490635E-02, 0.2110936E-01, 0.2360000E-01,-0.1694001E-04, 0.2716940E-02, 0.2700000E-02,-0.1048518E-02, 0.1285179E-03,-0.9200000E-03,-0.1060156E-02,-0.2382630E-01,-0.2488646E-01, 0.5599327E+03, 0.1645071E+03,-0.8267175E+02, 0.5186310E+03, 0.2608560E-01, 0.3287566E-01
 0.9200000E+02, 0.2466557E-02, 0.2140344E-01, 0.2387000E-01, 0.1638331E-03, 0.2686167E-02, 0.2850000E-02,-0.1078963E-02,-0.1010372E-03,-0.1180000E-02,-0.1127311E-02,-0.2408961E-01,-0.2521692E-01, 0.5667255E+03, 0.2036035E+03,-0.8507217E+02, 0.5186104E+03, 0.2640249E-01, 0.3322519E-01
 0.9300000E+02, 0.2424935E-02, 0.2157507E-01, 0.2400000E-01, 0.3127894E-03, 0.2687211E-02, 0.3000000E-02,-0.1116731E-02,-0.2432694E-03,-0.1360000E-02,-0.1173310E-02,-0.2426228E-01,-0.2543559E-01, 0.5674156E+03, 0.2343465E+03,-0.8804992E+02, 0.5168803E+03, 0.2660065E-01, 0.3344034E-01
 0.9400000E+02, 0.2372149E-02, 0.2180785E-01, 0.2418000E-01, 0.4835573E-03, 0.2716443E-02, 0.3200000E-02,-0.1140186E-02,-0.4498144E-03,-0.1590000E-02,-0.1223875E-02,-0.2452429E-01,-0.2574817E-01, 0.5670655E+03, 0.2692490E+03,-0.8989931E+02, 0.5153854E+03, 0.2688870E-01, 0.3375138E-01
 0.9500000E+02, 0.2321734E-02, 0.2199827E-01, 0.2432000E-01, 0.6356440E-03, 0.2764356E-02, 0.3400000E-02,-0.1125371E-02,-0.6246291E-03,-0.1750000E-02,-0.1267448E-02,-0.2476262E-01,-0.2603007E-01, 0.5659864E+03, 0.3001030E+03,-0.8873119E+02, 0.5139726E+03, 0.2714096E-01, 0.3402304E-01
 0.9600000E+02, 0.2281393E-02, 0.2219861E-01, 0.2448000E-01, 0.7631411E-03, 0.2836859E-02, 0.3600000E-02,-0.1092603E-02,-0.8073974E-03,-0.1900000E-02,-0.1304801E-02,-0.2503547E-01,-0.2634027E-01, 0.5655153E+03, 0.3260986E+03,-0.8614755E+02, 0.5138076E+03, 0.2742172E-01, 0.3432479E-01
 0.9700000E+02, 0.2235687E-02, 0.2236431E-01, 0.2460000E-01, 0.8851826E-03, 0.2914818E-02, 0.3800000E-02,-0.1045174E-02,-0.9548262E-03,-0.2000000E-02,-0.1337516E-02,-0.2527913E-01,-0.2661665E-01, 0.5634666E+03, 0.3505024E+03,-0.8240795E+02, 0.5130530E+03, 0.2766645E-01, 0.3458786E-01
 0.9800000E+02, 0.2185881E-02, 0.2251412E-01, 0.2470000E-01, 0.9966973E-03, 0.3003303E-02, 0.4000000E-02,-0.1004238E-02,-0.1085762E-02,-0.2090000E-02,-0.1363962E-02,-0.2551742E-01,-0.2688138E-01, 0.5597830E+03, 0.3722579E+03,-0.7918031E+02, 0.5122088E+03, 0.2790022E-01, 0.3484039E-01
 0.9900000E+02, 0.2106269E-02, 0.2269373E-01, 0.2480000E-01, 0.1158274E-02, 0.3141726E-02, 0.4300000E-02,-0.8955813E-03,-0.1234419E-02,-0.2130000E-02,-0.1399090E-02,-0.2583546E-01,-0.2723455E-01, 0.5527682E+03, 0.4032769E+03,-0.7061317E+02, 0.5101225E+03, 0.2820294E-01, 0.3517079E-01
 0.1000000E+03, 0.2074271E-02, 0.2282573E-01, 0.2490000E-01, 0.1237858E-02, 0.3262142E-02, 0.4500000E-02,-0.8176464E-03,-0.1332354E-02,-0.2150000E-02,-0.1419484E-02,-0.2608787E-01,-0.2750735E-01, 0.5509382E+03, 0.4190423E+03,-0.6446828E+02, 0.5106187E+03, 0.2843847E-01, 0.3542957E-01
 0.1010000E+03, 0.2030332E-02, 0.2301967E-01, 0.2505000E-01, 0.1343153E-02, 0.3456847E-02, 0.4800000E-02,-0.6973348E-03,-0.1452665E-02,-0.2150000E-02,-0.1445780E-02,-0.2647652E-01,-0.2792230E-01, 0.5481563E+03, 0.4397935E+03,-0.5498220E+02, 0.5117492E+03, 0.2879717E-01, 0.3582442E-01
 0.1020000E+03, 0.1992581E-02, 0.2313742E-01, 0.2513000E-01, 0.1412528E-02, 0.3587472E-02, 0.5000000E-02,-0.6262943E-03,-0.1513706E-02,-0.2140000E-02,-0.1459333E-02,-0.2672489E-01,-0.2818422E-01, 0.5443403E+03, 0.4528703E+03,-0.4938091E+02, 0.5120524E+03, 0.2902385E-01, 0.3607541E-01
 0.1030000E+03, 0.1953518E-02, 0.2331648E-01, 0.2527000E-01, 0.1496399E-02, 0.3803601E-02, 0.5300000E-02,-0.4968731E-03,-0.1583127E-02,-0.2080000E-02,-0.1478537E-02,-0.2712008E-01,-0.2859862E-01, 0.5412088E+03, 0.4691246E+03,-0.3917654E+02, 0.5135123E+03, 0.2938115E-01, 0.3647326E-01
 0.1040000E+03, 0.1892887E-02, 0.2353711E-01, 0.2543000E-01, 0.1600488E-02, 0.4099512E-02, 0.5700000E-02,-0.3101395E-03,-0.1619861E-02,-0.1930000E-02,-0.1497163E-02,-0.2763662E-01,-0.2913379E-01, 0.5345852E+03, 0.4884763E+03,-0.2445326E+02, 0.5148321E+03, 0.2984289E-01, 0.3699217E-01
 0.1050000E+03, 0.1852056E-02, 0.2369794E-01, 0.2555000E-01, 0.1664218E-02, 0.4335782E-02, 0.6000000E-02,-0.1445840E-03,-0.1605416E-02,-0.1750000E-02,-0.1506976E-02,-0.2803373E-01,-0.2954070E-01, 0.5296935E+03, 0.5000732E+03,-0.1139985E+02, 0.5158999E+03, 0.3019459E-01, 0.3739181E-01
